ID,msg_type,emotions,transcript_raw,transcript_clean,summary_ref,emphasized_words,reasons
1,task,中性,哎，下周末天气预报说应该是大晴天，挺适合户外活动的。我打算叫上几个老同学一起去郊外骑行，你要不要一块加入？我们定在周六早上七点，从学校南门出发，沿着河边的绿道一路骑到市郊的湿地公园，全程大概来回四十公里。中途会在小镇上找家馆子吃午饭，休息一下，预计傍晚就能返回学校。你只要准备好水壶和手套就行，头盔我可以帮你借一个，骑行车队的氛围也很轻松，不会很累。,哎，下周末天气预报说应该是大晴天，挺适合户外活动的。我打算叫上几个老同学一起去郊外骑行，你要不要一块加入？我们定在周六早上七点，从学校南门出发，沿着河边的绿道一路骑到市郊的湿地公园，全程大概来回四十公里。中途会在小镇上找家馆子吃午饭，休息一下，预计傍晚就能返回学校。你只要准备好水壶和手套就行，头盔我可以帮你借一个，骑行车队的氛围也很轻松，不会很累。,,[],
2,task,中性,这周我已经看过你们提交的项目资料了，整体方向和框架都还不错，不过在数据分析这一块确实有些不足，需要进一步补充。你能在周四之前再整理一份完整的数据表，把最近三个月的用户活跃度和留存率都仔细计算清楚吗？最好还能分周展示，方便横向对比，这样我在周五的组会上展示时会更直观。要是遇到难点或者数据缺口，可以随时给我发消息，不要拖到最后一刻才处理。,这周我已经看过你们提交的项目资料了，整体方向和框架都还不错，不过在数据分析这一块确实有些不足，需要进一步补充。你能在周四之前再整理一份完整的数据表，把最近三个月的用户活跃度和留存率都仔细计算清楚吗？最好还能分周展示，方便横向对比，这样我在周五的组会上展示时会更直观。要是遇到难点或者数据缺口，可以随时给我发消息，不要拖到最后一刻才处理。,,[],
3,task,中性,明天上午客户要来公司参观，领导安排我们做一次完整的流程演示。我负责整体的介绍环节，但技术部分需要你来配合展示。你能不能在演示中帮忙打开后台系统，展示一下核心操作流程？预计时间大概在十点到十点半之间，你最好提前十分钟到会议室，检查一下电脑和投影设备。演示结束之后，我会把客户提的问题都整理下来，再跟你确认答案，确保后续回复准确。,明天上午客户要来公司参观，领导安排我们做一次完整的流程演示。我负责整体的介绍环节，但技术部分需要你来配合展示。你能不能在演示中帮忙打开后台系统，展示一下核心操作流程？预计时间大概在十点到十点半之间，你最好提前十分钟到会议室，检查一下电脑和投影设备。演示结束之后，我会把客户提的问题都整理下来，再跟你确认答案，确保后续回复准确。,,[],
4,task,中性,你上次借我的那本书现在还在你那吧？其实我平时也不急着用，但是下周我要交论文了，里面有几章参考文献正好需要引用。如果方便的话，能不能在周二之前把书带来图书馆？我这几天几乎都在自习室写稿，你随便找个时间放我桌上就行。如果你一时带不来也没关系，先把相关的几页拍照发给我也行，至少能赶在截止时间前把参考文献补上。,你上次借我的那本书现在还在你那吧？其实我平时也不急着用，但是下周我要交论文了，里面有几章参考文献正好需要引用。如果方便的话，能不能在周二之前把书带来图书馆？我这几天几乎都在自习室写稿，你随便找个时间放我桌上就行。如果你一时带不来也没关系，先把相关的几页拍照发给我也行，至少能赶在截止时间前把参考文献补上。,,[],
5,task,中性,公司下个月要召开年终总结会，分工我已经初步定好了，你这边负责收集各个项目组的成果展示材料。请在本周五之前联系好每个组的组长，把他们的 PPT 初稿要过来，然后统一放到共享盘。下周我们会一起过一遍内容，确认哪些地方需要修改和完善。你在收集的过程中，记得提前把情况做成一个简短的表格，方便我统计和对比。,公司下个月要召开年终总结会，分工我已经初步定好了，你这边负责收集各个项目组的成果展示材料。请在本周五之前联系好每个组的组长，把他们的 PPT 初稿要过来，然后统一放到共享盘。下周我们会一起过一遍内容，确认哪些地方需要修改和完善。你在收集的过程中，记得提前把情况做成一个简短的表格，方便我统计和对比。,,[],
6,task,中性,弟，下周咱表哥要结婚，婚礼安排在周六上午十点，地点是市中心喜来登酒店三楼的宴会厅。我们家里都会去参加，你也早点到，一起帮忙布置现场。最好能在九点之前到酒店，这样就能发下喜糖、搬下东西，在客人来之前要布置妥当。别忘了准备一个红包，金额随意，主要是表达心意。,弟，下周咱表哥要结婚，婚礼安排在周六上午十点，地点是市中心喜来登酒店三楼的宴会厅。我们家里都会去参加，你也早点到，一起帮忙布置现场。最好能在九点之前到酒店，这样就能发下喜糖、搬下东西，在客人来之前要布置妥当。别忘了准备一个红包，金额随意，主要是表达心意。,,[],
7,task,中性,我刚收到学院临时的通知，这周需要提交一份项目阶段性的总结。能不能请你在周三之前，把最近的调研记录整理一下？包括问卷结果和访谈记录，都汇总成表格，再写一个大概五百字左右的小结。我周四上午要交正式稿，所以最好能提前一天发给我看一遍。别忘了附上数据来源的截图或原始文件，这样如果有人追问就能马上提供。,我刚收到学院临时的通知，这周需要提交一份项目阶段性的总结。能不能请你在周三之前，把最近的调研记录整理一下？包括问卷结果和访谈记录，都汇总成表格，再写一个大概五百字左右的小结。我周四上午要交正式稿，所以最好能提前一天发给我看一遍。别忘了附上数据来源的截图或原始文件，这样如果有人追问就能马上提供。,,[],
8,task,中性,今晚临时有个紧急安排，客户说明天一早要看到我们方案的更新版。你回去以后能不能再补充两页竞争对手的分析？不用写得特别复杂，但要把主要数据和结论写清楚，突出差异化。我明天早上八点要把文件发给他们，所以请你务必在今晚十一点之前把修改稿传到我邮箱。如果实在赶不及，也可以先写出要点文字，我来帮你放进 PPT。,今晚临时有个紧急安排，客户说明天一早要看到我们方案的更新版。你回去以后能不能再补充两页竞争对手的分析？不用写得特别复杂，但要把主要数据和结论写清楚，突出差异化。我明天早上八点要把文件发给他们，所以请你务必在今晚十一点之前把修改稿传到我邮箱。如果实在赶不及，也可以先写出要点文字，我来帮你放进 PPT。,,[],
9,task,中性,幺儿，下个周物业要上门检查燃气管道，时间定在周二上午十点到十一点之间。那天我单位正好有个会议走不开，你能不能早点回家在家里等一下？主要就是开个门让他们检查一下，大概二十分钟左右就能结束。你记得提前把厨房里的杂物收拾一下，别挡住管道。检查完以后，把他们给你的确认单或者现场照片拍下来，发给我看一眼。,幺儿，下个周物业要上门检查燃气管道，时间定在周二上午十点到十一点之间。那天我单位正好有个会议走不开，你能不能早点回家在家里等一下？主要就是开个门让他们检查一下，大概二十分钟左右就能结束。你记得提前把厨房里的杂物收拾一下，别挡住管道。检查完以后，把他们给你的确认单或者现场照片拍下来，发给我看一眼。,,[],
10,task,中性,今晚客户那边临时打了电话过来，说他们想在明天的汇报会上看到一份关于市场对比的补充说明。我打算由你来负责准备这部分材料。具体任务是，在现有的方案文档里新增一个章节，把我们产品和两个主要竞争对手的价格、功能、售后服务做一个横向比较。字数不用太多，但一定要直观清晰，最好用表格和要点形式。数据方面可以直接引用市场部上个月的调研报告，如果不够，再从公开渠道补充。明天早上八点我必须把完整的版本发给客户，所以请你今晚十一点之前把更新稿传我邮箱，哪怕是初版也行，我可以帮你再润色。,今晚客户那边临时打了电话过来，说他们想在明天的汇报会上看到一份关于市场对比的补充说明。我打算由你来负责准备这部分材料。具体任务是，在现有的方案文档里新增一个章节，把我们产品和两个主要竞争对手的价格、功能、售后服务做一个横向比较。字数不用太多，但一定要直观清晰，最好用表格和要点形式。数据方面可以直接引用市场部上个月的调研报告，如果不够，再从公开渠道补充。明天早上八点我必须把完整的版本发给客户，所以请你今晚十一点之前把更新稿传我邮箱，哪怕是初版也行，我可以帮你再润色。,,[],
11,task,中性,学院那边通知我们要提交一次学期中期的研究进展汇报。我打算让你先起草我们的部分。你把最近做的实验数据整理出来，尤其是上周采集的那一组，要把数值录入表格，然后绘制几张折线图，突出趋势。除了数据，还要写一段大约八百字的说明，阐述目前的结论和存在的问题。注意逻辑要清晰，最好按“实验背景—方法—结果—讨论”的顺序来写。下周一之前发我初稿，这样我周二有时间修改，周三就能交给学院。别忘了附上原始数据的来源文件。,学院那边通知我们要提交一次学期中期的研究进展汇报。我打算让你先起草我们的部分。你把最近做的实验数据整理出来，尤其是上周采集的那一组，要把数值录入表格，然后绘制几张折线图，突出趋势。除了数据，还要写一段大约八百字的说明，阐述目前的结论和存在的问题。注意逻辑要清晰，最好按“实验背景—方法—结果—讨论”的顺序来写。下周一之前发我初稿，这样我周二有时间修改，周三就能交给学院。别忘了附上原始数据的来源文件。,,[],
12,task,中性,我们公司月底要做一次季度总结会，我需要你负责收集各个部门的PPT初稿。请在这周五之前，把研发、市场、行政三个部门的材料都要过来，统一存到共享盘。收集的同时，你最好做一个清单表，把提交的时间和内容列出来，方便统计。如果发现有部门迟迟没有提交，一定要提前提醒，不要等到最后才发现缺漏。下周一我会和你一起过一遍，确认需要修改的地方，然后再发通知给相关负责人。所以你这几天要抓紧和他们沟通，别拖延。,我们公司月底要做一次季度总结会，我需要你负责收集各个部门的PPT初稿。请在这周五之前，把研发、市场、行政三个部门的材料都要过来，统一存到共享盘。收集的同时，你最好做一个清单表，把提交的时间和内容列出来，方便统计。如果发现有部门迟迟没有提交，一定要提前提醒，不要等到最后才发现缺漏。下周一我会和你一起过一遍，确认需要修改的地方，然后再发通知给相关负责人。所以你这几天要抓紧和他们沟通，别拖延。,,[],
13,task,中性,下周六我们表姐要搬新家，定在上午十点。她说人手有点不够，所以想请人早点过去帮忙搭把手。主要任务就是帮忙搬一些轻的箱子，还有在新家那边整理电器和家具的位置。她已经找了搬家公司，所以重的东西不用你费力气。你有空不？要不你九点半上她新家门口去，她会提前发你定位。记得带上手套，省得手磨破。等事情忙完，她还准备请大家一起吃顿饭，就当是庆祝乔迁。你记得帮我包一份红包，我微信转钱给你。,下周六我们表姐要搬新家，定在上午十点。她说人手有点不够，所以想请人早点过去帮忙搭把手。主要任务就是帮忙搬一些轻的箱子，还有在新家那边整理电器和家具的位置。她已经找了搬家公司，所以重的东西不用你费力气。你有空不？要不你九点半上她新家门口去，她会提前发你定位。记得带上手套，省得手磨破。等事情忙完，她还准备请大家一起吃顿饭，就当是庆祝乔迁。你记得帮我包一份红包，我微信转钱给你。,,[],
14,task,中性,我们的项目时间很紧了，本周五之前要交一份工作坊的材料上去。你来先整理一下。具体要求是，把我们小组这学期的活动记录梳理出来，包括上次研讨会的照片、签到表，以及同学们的反馈问卷。请你按时间顺序排好，再配上简短的说明文字，最后做成一个PDF文件。材料虽然不是很正式，但要条理清楚。最迟周四晚上要发给我，也给你学姐发一份，她要拿问卷去做数据分析，尽量快点做出来。,我们的项目时间很紧了，本周五之前要交一份工作坊的材料上去。你来先整理一下。具体要求是，把我们小组这学期的活动记录梳理出来，包括上次研讨会的照片、签到表，以及同学们的反馈问卷。请你按时间顺序排好，再配上简短的说明文字，最后做成一个PDF文件。材料虽然不是很正式，但要条理清楚。最迟周四晚上要发给我，也给你学姐发一份，她要拿问卷去做数据分析，尽量快点做出来。,,[],
15,task,中性,刚刚客户那边又发了新的需求，他们想在明天的提案中增加一个用户调研部分。你这边今晚需要加班把这部分补充进去。内容不用很复杂，但要体现我们对目标用户的理解。你可以先用上个月的调研数据，把重点的三点结论写进去，再配上一页对比图，突出我们的方案优势。明天一早我就要用这份PPT向客户展示，所以请你务必在今晚十一点前把文件传我邮箱。我知道时间紧，但这次机会很重要，必须拿下。,刚刚客户那边又发了新的需求，他们想在明天的提案中增加一个用户调研部分。你这边今晚需要加班把这部分补充进去。内容不用很复杂，但要体现我们对目标用户的理解。你可以先用上个月的调研数据，把重点的三点结论写进去，再配上一页对比图，突出我们的方案优势。明天一早我就要用这份PPT向客户展示，所以请你务必在今晚十一点前把文件传我邮箱。我知道时间紧，但这次机会很重要，必须拿下。,,[],
16,task,中性,月底我们部门要做一次内部培训，我决定把筹备工作交给你来负责。具体来说，你要先联系讲师，确认授课时间和主题，再去会议室那边预定场地。接着要准备签到表、投影设备和讲义资料。讲义可以从以往的文档里修改，但要提前打印好。参会人员名单我会发你，你要在培训前三天提醒大家准时到场。所有准备工作请在下周三之前完成，我要提前向总监汇报进度。别忘了培训当天要提前半小时到现场，确保设备正常。,月底我们部门要做一次内部培训，我决定把筹备工作交给你来负责。具体来说，你要先联系讲师，确认授课时间和主题，再去会议室那边预定场地。接着要准备签到表、投影设备和讲义资料。讲义可以从以往的文档里修改，但要提前打印好。参会人员名单我会发你，你要在培训前三天提醒大家准时到场。所有准备工作请在下周三之前完成，我要提前向总监汇报进度。别忘了培训当天要提前半小时到现场，确保设备正常。,,[],
17,task,中性,客户昨天对账时发现几个数字和之前的不一致，他们今天特地发邮件要求我们再核实一遍。这个任务就交给你来处理。你需要把上个月到本月初的销售数据重新对照系统，尤其是重点关注那三条大订单，看金额和时间是否对齐。核对过程中，如果发现异常，要截图保存，并在备注里写明原因。整理完成后请汇成一份Excel表，今晚下班前发我邮箱。我明天要拿着去和客户解释，必须保证准确无误。这事比较关键，你务必仔细，不要有纰漏。,客户昨天对账时发现几个数字和之前的不一致，他们今天特地发邮件要求我们再核实一遍。这个任务就交给你来处理。你需要把上个月到本月初的销售数据重新对照系统，尤其是重点关注那三条大订单，看金额和时间是否对齐。核对过程中，如果发现异常，要截图保存，并在备注里写明原因。整理完成后请汇成一份Excel表，今晚下班前发我邮箱。我明天要拿着去和客户解释，必须保证准确无误。这事比较关键，你务必仔细，不要有纰漏。,,[],
18,task,中性,小李啊，你表妹这几天在家写数学作业老是卡住，特别是几道应用题，她怎么都想不明白。我工作忙得没空细讲，就想着请你帮忙辅导一下。她周末都会在家，如果你能抽空过来一趟，给她讲讲思路，哪怕一个小时也行。主要是想让她掌握解题方法，不要死记硬背。你最好提前看看她的课本和练习册，心里有点数。要是你不方便来家里，也可以开个视频，她用手机对着题目给你看。她最近成绩有点下滑，心情也有点低落，你帮着鼓励一下她。,小李啊，你表妹这几天在家写数学作业老是卡住，特别是几道应用题，她怎么都想不明白。我工作忙得没空细讲，就想着请你帮忙辅导一下。她周末都会在家，如果你能抽空过来一趟，给她讲讲思路，哪怕一个小时也行。主要是想让她掌握解题方法，不要死记硬背。你最好提前看看她的课本和练习册，心里有点数。要是你不方便来家里，也可以开个视频，她用手机对着题目给你看。她最近成绩有点下滑，心情也有点低落，你帮着鼓励一下她。,,[],
19,chitchat,中性,昨天晚上我终于把那部你推荐的电视剧完整看完了，说实话前几集节奏确实有点慢，我一度差点弃剧，结果从第七集开始突然变得紧凑，剧情反转一个接一个，完全停不下来。特别是最后几集，我几乎是一口气追完的。你之前说的没错，男女主的化学反应很自然，尤其是结尾那场告白戏份，真的是让人觉得挺有感染力，甚至让我有点小感动。,昨天晚上我终于把那部你推荐的电视剧完整看完了，说实话前几集节奏确实有点慢，我一度差点弃剧，结果从第七集开始突然变得紧凑，剧情反转一个接一个，完全停不下来。特别是最后几集，我几乎是一口气追完的。你之前说的没错，男女主的化学反应很自然，尤其是结尾那场告白戏份，真的是让人觉得挺有感染力，甚至让我有点小感动。,,[],
20,chitchat,中性,你最近是不是又瘦了？昨天和你视频的时候，我就觉得你脸好像比之前小了一圈。是不是最近忙着写东西，经常熬夜，吃饭也不规律？年轻的时候可能不觉得什么，但时间久了身体肯定会吃不消。你一定要注意身体，不要总是随便对付一口，少喝点咖啡，多睡一会儿。等周末回来，我准备了你最爱吃的红烧肉和小炒牛肉，再给你炖点汤，好好补一补。,你最近是不是又瘦了？昨天和你视频的时候，我就觉得你脸好像比之前小了一圈。是不是最近忙着写东西，经常熬夜，吃饭也不规律？年轻的时候可能不觉得什么，但时间久了身体肯定会吃不消。你一定要注意身体，不要总是随便对付一口，少喝点咖啡，多睡一会儿。等周末回来，我准备了你最爱吃的红烧肉和小炒牛肉，再给你炖点汤，好好补一补。,,[],
21,chitchat,中性,今天中午去学校旁边新开的小馆子尝了下，结果比预想的好很多。店虽然不大，装修也挺简单的，但味道真的挺惊喜。尤其是他们家的番茄牛腩，炖得特别入味，汤汁浓郁，拌饭吃简直停不下来。还有一道小炒土豆片也很出彩，带点微辣，非常下饭。整体氛围很轻松，老板人也热情，下次我们可以一起去尝尝，估计你肯定也会喜欢。,今天中午去学校旁边新开的小馆子尝了下，结果比预想的好很多。店虽然不大，装修也挺简单的，但味道真的挺惊喜。尤其是他们家的番茄牛腩，炖得特别入味，汤汁浓郁，拌饭吃简直停不下来。还有一道小炒土豆片也很出彩，带点微辣，非常下饭。整体氛围很轻松，老板人也热情，下次我们可以一起去尝尝，估计你肯定也会喜欢。,,[],
22,chitchat,中性,这几天我在玩一款新出的手游，画风特别可爱，主打治愈系的那种。玩法也很轻松，就是养成和解谜结合的模式，你一边收集角色，一边逐渐解锁新的剧情。整体节奏不快，但越玩越容易沉迷。我昨天晚上本来只打算玩一小会儿，结果一口气玩到半夜，今天早上差点迟到。笑死了，感觉熬夜后全靠一口仙气吊着。,这几天我在玩一款新出的手游，画风特别可爱，主打治愈系的那种。玩法也很轻松，就是养成和解谜结合的模式，你一边收集角色，一边逐渐解锁新的剧情。整体节奏不快，但越玩越容易沉迷。我昨天晚上本来只打算玩一小会儿，结果一口气玩到半夜，今天早上差点迟到。笑死了，感觉熬夜后全靠一口仙气吊着。,,[],
23,chitchat,中性,家里的猫这两天特别粘人，一直在客厅跟着人转。我做法，它就在后面蹲着看。我坐下写东西，它就趴在桌子上盯着我，还伸爪子拍我的笔。昨天晚上还自己跳到你那个椅子上，整整睡了一晚上。你回来肯定得被它缠着不放，感觉它是真的想你了，就一直粘着人，看是不是你。,家里的猫这两天特别粘人，一直在客厅跟着人转。我做法，它就在后面蹲着看。我坐下写东西，它就趴在桌子上盯着我，还伸爪子拍我的笔。昨天晚上还自己跳到你那个椅子上，整整睡了一晚上。你回来肯定得被它缠着不放，感觉它是真的想你了，就一直粘着人，看是不是你。,,[],
24,chitchat,中性,你知道吗，咱们班那个老同学居然突然在朋友圈晒结婚证了！我刷到的时候差点没反应过来，好像一点征兆都没有。大家都在下面拼命刷祝福，我才发现原来他们已经悄悄谈了好几年了。想想还挺神奇的，我们平时聊天都没提过。他们这次选的还是在老家登记，看起来挺低调的。天啊，是不是感觉咱们这一届同学一个个都开始进入结婚阶段了？,你知道吗，咱们班那个老同学居然突然在朋友圈晒结婚证了！我刷到的时候差点没反应过来，好像一点征兆都没有。大家都在下面拼命刷祝福，我才发现原来他们已经悄悄谈了好几年了。想想还挺神奇的，我们平时聊天都没提过。他们这次选的还是在老家登记，看起来挺低调的。天啊，是不是感觉咱们这一届同学一个个都开始进入结婚阶段了？,,[],
25,chitchat,中性,今天中午和同事一起去试了一家新开的日料店，生意特别火，位置还挺难订的。我点了一份三文鱼寿司套餐，鱼肉很新鲜，口感真的不错，酱油和芥末调配得也刚刚好。店里的装修风格偏温馨，有点小清新的感觉，适合慢慢坐下来聊天。吃到一半的时候，我就想到你上次说很久没吃过正宗的寿司了，下次你要是有空，我们可以一起去试试，我觉得你肯定会喜欢那里的氛围和味道。,今天中午和同事一起去试了一家新开的日料店，生意特别火，位置还挺难订的。我点了一份三文鱼寿司套餐，鱼肉很新鲜，口感真的不错，酱油和芥末调配得也刚刚好。店里的装修风格偏温馨，有点小清新的感觉，适合慢慢坐下来聊天。吃到一半的时候，我就想到你上次说很久没吃过正宗的寿司了，下次你要是有空，我们可以一起去试试，我觉得你肯定会喜欢那里的氛围和味道。,,[],
26,chitchat,中性,最近我开始强迫自己每天晚上去操场跑几圈，虽然一开始挺累的，但坚持下来以后，发现效果还挺明显。跑完之后感觉心情会放松很多，晚上睡觉也比以前踏实。原来以为自己肯定坚持不了几天，没想到现在已经快半个月了。虽然速度不快，但感觉身体状态慢慢在变好。你不是总熬夜嘛，我觉得你也可以试试看，哪怕只是散步几圈，说不定能把作息调整得更健康。,最近我开始强迫自己每天晚上去操场跑几圈，虽然一开始挺累的，但坚持下来以后，发现效果还挺明显。跑完之后感觉心情会放松很多，晚上睡觉也比以前踏实。原来以为自己肯定坚持不了几天，没想到现在已经快半个月了。虽然速度不快，但感觉身体状态慢慢在变好。你不是总熬夜嘛，我觉得你也可以试试看，哪怕只是散步几圈，说不定能把作息调整得更健康。,,[],
27,chitchat,中性,今天风特别大，我出门的时候差点被吹得站不稳，外套被吹得鼓鼓的，感觉整个人都快被吹跑了。路边好多树叶全掉下来，地上铺得厚厚一层，踩上去咔嚓作响。天气预报说后面几天还会继续降温，估计要冷一阵子。你那边是不是也开始降温了？记得一定要多穿点衣服，不要光顾着赶作业和忙事情，把身体冻坏了。要是觉得冷，晚上喝点热水，早点休息，对身体也好。,今天风特别大，我出门的时候差点被吹得站不稳，外套被吹得鼓鼓的，感觉整个人都快被吹跑了。路边好多树叶全掉下来，地上铺得厚厚一层，踩上去咔嚓作响。天气预报说后面几天还会继续降温，估计要冷一阵子。你那边是不是也开始降温了？记得一定要多穿点衣服，不要光顾着赶作业和忙事情，把身体冻坏了。要是觉得冷，晚上喝点热水，早点休息，对身体也好。,,[],
28,chitchat,中性,今天邻居家养的那只小狗又跑到咱们院子里来了，把刚晾在门口的拖鞋叼到草地上，嘴巴咬得死死的，邻居追得满院子跑，结果一群人看着都笑得不行。你小时候是不是也总干这种事？经常把书包、文具乱放，然后满屋子找半天。那种调皮劲儿，现在想想和这只小狗还真挺像的。说起来，前几天你舅舅还送来一大篮子橘子，个头不大但特别甜，我边吃边就想起你小时候老爱剥橘子，还要故意把橘子皮摆成各种奇怪的形状，摆满桌子才肯收拾。现在你在外面学习，家里就少了这些小插曲，倒有点冷清。我还跟你爸感叹，说孩子长大了，家里安静了，但总觉得少了点热闹。哦对了，小区门口那家老店关门了，听说老板要回老家养老。我突然就想到，以前放学你总喜欢在那买糖葫芦，现在回忆起来味道还在嘴边。,今天邻居家养的那只小狗又跑到咱们院子里来了，把刚晾在门口的拖鞋叼到草地上，嘴巴咬得死死的，邻居追得满院子跑，结果一群人看着都笑得不行。你小时候是不是也总干这种事？经常把书包、文具乱放，然后满屋子找半天。那种调皮劲儿，现在想想和这只小狗还真挺像的。说起来，前几天你舅舅还送来一大篮子橘子，个头不大但特别甜，我边吃边就想起你小时候老爱剥橘子，还要故意把橘子皮摆成各种奇怪的形状，摆满桌子才肯收拾。现在你在外面学习，家里就少了这些小插曲，倒有点冷清。我还跟你爸感叹，说孩子长大了，家里安静了，但总觉得少了点热闹。哦对了，小区门口那家老店关门了，听说老板要回老家养老。我突然就想到，以前放学你总喜欢在那买糖葫芦，现在回忆起来味道还在嘴边。,,[],
29,chitchat,中性,你最近有没有在追那部特别火的电视剧？我昨天一口气看了五集，完全停不下来。剧情里的反转特别多，男主和女主的关系发展得一波三折，明明前一秒还很甜蜜，下一秒就吵得不可开交。配角的故事线也挺有意思，尤其是那个搞笑担当，一出场就把气氛带跑偏。我本来只是想随便看看，结果越看越上头，甚至熬夜到凌晨才关电脑。你记不记得我们以前宿舍几个人一起追剧的场景？那会儿周末大家围在一台电脑前，边看边吐槽，遇到好笑的地方还拍桌子笑。为了等更新，每周都要守在电脑前等着，甚至有人把小说原著都找出来看。现在虽然大家都分开了，各自忙学习和工作，但这种感觉一出现，我就特别想和你分享。说不定你看了之后也会被带入坑，到时候我们又能像以前那样，一边聊剧情一边互相吐槽编剧了。,你最近有没有在追那部特别火的电视剧？我昨天一口气看了五集，完全停不下来。剧情里的反转特别多，男主和女主的关系发展得一波三折，明明前一秒还很甜蜜，下一秒就吵得不可开交。配角的故事线也挺有意思，尤其是那个搞笑担当，一出场就把气氛带跑偏。我本来只是想随便看看，结果越看越上头，甚至熬夜到凌晨才关电脑。你记不记得我们以前宿舍几个人一起追剧的场景？那会儿周末大家围在一台电脑前，边看边吐槽，遇到好笑的地方还拍桌子笑。为了等更新，每周都要守在电脑前等着，甚至有人把小说原著都找出来看。现在虽然大家都分开了，各自忙学习和工作，但这种感觉一出现，我就特别想和你分享。说不定你看了之后也会被带入坑，到时候我们又能像以前那样，一边聊剧情一边互相吐槽编剧了。,,[],
30,chitchat,中性,你可能不信，最近我又把吉他翻出来了。那本大学时候的旧谱子我居然还留着，纸张都已经泛黄了，上面还有我们当年乱写的标记。刚开始练的时候手指按弦生疼，连最简单的和弦都不稳，声音咯咯哒哒的。但是慢慢地，好像又找回了以前的感觉。练到一半突然就想起，我们那会儿总是几个人一起在宿舍唱歌，结果吵得楼下直投诉。我们还一边道歉一边偷偷练，搞得全宿舍都无奈但又挺开心。其实挺怀念那种胡闹的日子。现在上班时间被安排得很满，能抽出点空闲来弹弹琴，心里就觉得特别放松。上次在网上看了一个视频，教一个改编版的老歌，旋律很好听，我已经差不多学会了。等哪天我们见面，我给你表演一下。,你可能不信，最近我又把吉他翻出来了。那本大学时候的旧谱子我居然还留着，纸张都已经泛黄了，上面还有我们当年乱写的标记。刚开始练的时候手指按弦生疼，连最简单的和弦都不稳，声音咯咯哒哒的。但是慢慢地，好像又找回了以前的感觉。练到一半突然就想起，我们那会儿总是几个人一起在宿舍唱歌，结果吵得楼下直投诉。我们还一边道歉一边偷偷练，搞得全宿舍都无奈但又挺开心。其实挺怀念那种胡闹的日子。现在上班时间被安排得很满，能抽出点空闲来弹弹琴，心里就觉得特别放松。上次在网上看了一个视频，教一个改编版的老歌，旋律很好听，我已经差不多学会了。等哪天我们见面，我给你表演一下。,,[],
31,chitchat,中性,最近天气不错，我开始去健身房跟着团体课练，发现比自己一个人跑步有意思多了。我们那个教练特别搞笑，总喜欢放些奇怪的音乐，大家一边跳动作一边笑场。虽然很累，但课后全身出汗，感觉整个人都轻松了不少。其实刚开始的时候我还挺抗拒的，总觉得自己坚持不了，但这两周下来，状态越来越好，连睡眠都改善了。说真的，我突然想到你以前老说最讨厌运动，跑两步就气喘，体育课总想找借口溜号。要不要哪天我拉你一块去试试？现在的课程不强调强度，而是强调节奏和氛围，说不定你也会喜欢。反正很多人去其实就是图个开心，哪怕不拼命，也能交到朋友。,最近天气不错，我开始去健身房跟着团体课练，发现比自己一个人跑步有意思多了。我们那个教练特别搞笑，总喜欢放些奇怪的音乐，大家一边跳动作一边笑场。虽然很累，但课后全身出汗，感觉整个人都轻松了不少。其实刚开始的时候我还挺抗拒的，总觉得自己坚持不了，但这两周下来，状态越来越好，连睡眠都改善了。说真的，我突然想到你以前老说最讨厌运动，跑两步就气喘，体育课总想找借口溜号。要不要哪天我拉你一块去试试？现在的课程不强调强度，而是强调节奏和氛围，说不定你也会喜欢。反正很多人去其实就是图个开心，哪怕不拼命，也能交到朋友。,,[],
32,chitchat,中性,前几天我心血来潮，把家里的旧柜子翻了个底朝天，结果发现好多你小时候留下的东西。最让我惊讶的是一叠你画的小画，歪歪扭扭的人物和小房子，旁边还写着拼音标注，看得我忍不住笑。那时候你总说长大要当画家，没想到现在走上了设计这条路，算是另一种圆梦吧。我还翻到一本你小学时写的日记，全是稀奇古怪的想法，比如造一台能自动写作业的机器。我边看边感慨，其实你小时候脑子里就有不少点子。东西我都留着，放在抽屉里等你回来自己看看。家里安静的时候，翻到这些小物件，感觉时光倒流，仿佛你还在身边一样。,前几天我心血来潮，把家里的旧柜子翻了个底朝天，结果发现好多你小时候留下的东西。最让我惊讶的是一叠你画的小画，歪歪扭扭的人物和小房子，旁边还写着拼音标注，看得我忍不住笑。那时候你总说长大要当画家，没想到现在走上了设计这条路，算是另一种圆梦吧。我还翻到一本你小学时写的日记，全是稀奇古怪的想法，比如造一台能自动写作业的机器。我边看边感慨，其实你小时候脑子里就有不少点子。东西我都留着，放在抽屉里等你回来自己看看。家里安静的时候，翻到这些小物件，感觉时光倒流，仿佛你还在身边一样。,,[],
33,chitchat,中性,昨晚我去看了那部新上映的电影，效果出乎意料地好。开头虽然节奏慢，但后面越来越紧凑，剧情反转不断，全场好几次都有人惊呼。最让我印象深刻的是配乐，情绪把控得特别到位，几乎每个转折点都能带动观众。看完我还在影院门口站了半天，感觉脑子里还在回放。你不是之前说很久没看过让人走出影院还念念不忘的片子吗？我觉得这部完全符合标准。等你有空我们可以一起去看，我二刷也愿意。其实边看边想，如果你在场，肯定早就忍不住吐槽剧情里的漏洞了。,昨晚我去看了那部新上映的电影，效果出乎意料地好。开头虽然节奏慢，但后面越来越紧凑，剧情反转不断，全场好几次都有人惊呼。最让我印象深刻的是配乐，情绪把控得特别到位，几乎每个转折点都能带动观众。看完我还在影院门口站了半天，感觉脑子里还在回放。你不是之前说很久没看过让人走出影院还念念不忘的片子吗？我觉得这部完全符合标准。等你有空我们可以一起去看，我二刷也愿意。其实边看边想，如果你在场，肯定早就忍不住吐槽剧情里的漏洞了。,,[],
34,chitchat,中性,最近不知道为什么，总觉得有点忙得喘不过气来。白天事情堆得满满的，晚上回家也还在想着要不要补点工作，结果越想越睡不着。昨晚干脆下楼散步，街道挺安静的，风吹得人心情慢慢放松下来。走到转角的小店，还看见几个学生蹲在那边吃炸串，聊得特别开心。我突然就想起我们当年一起熬夜写论文，然后半夜跑出去买夜宵的场景。虽然日子累，但回想起来其实还挺有意思的。现在这种机会少了，有时候会觉得有点孤单，所以忍不住想和你聊聊。,最近不知道为什么，总觉得有点忙得喘不过气来。白天事情堆得满满的，晚上回家也还在想着要不要补点工作，结果越想越睡不着。昨晚干脆下楼散步，街道挺安静的，风吹得人心情慢慢放松下来。走到转角的小店，还看见几个学生蹲在那边吃炸串，聊得特别开心。我突然就想起我们当年一起熬夜写论文，然后半夜跑出去买夜宵的场景。虽然日子累，但回想起来其实还挺有意思的。现在这种机会少了，有时候会觉得有点孤单，所以忍不住想和你聊聊。,,[],
35,chitchat,中性,我今天到成都啦！一大早就去了宽窄巷子，人真的超级多，但氛围特别热闹。街边到处是卖小吃的摊位，这边卖的都是冒着热气的兔头，味道又麻又辣，吃得我直冒汗。走到里面还能看到老茶馆，坐着很多本地大爷大妈在摆龙门阵，那种悠闲劲儿真的和我们平时节奏完全不同。中午我尝了碗正宗的担担面，份量不大但特别香，里面的花生味特别足。下午去看川剧变脸，台上演员一转头就换了一张脸，最搞笑的时候有一张不是脸谱，是熊猫头的表情包。说实话，比在视频里看震撼多了。你也应该早点来四川玩一下,我今天到成都啦！一大早就去了宽窄巷子，人真的超级多，但氛围特别热闹。街边到处是卖小吃的摊位，这边卖的都是冒着热气的兔头，味道又麻又辣，吃得我直冒汗。走到里面还能看到老茶馆，坐着很多本地大爷大妈在摆龙门阵，那种悠闲劲儿真的和我们平时节奏完全不同。中午我尝了碗正宗的担担面，份量不大但特别香，里面的花生味特别足。下午去看川剧变脸，台上演员一转头就换了一张脸，最搞笑的时候有一张不是脸谱，是熊猫头的表情包。说实话，比在视频里看震撼多了。你也应该早点来四川玩一下,,[],
36,chitchat,中性,今天我去楼下超市买菜，顺便遇见了你小学的老同学的妈妈。她说很久没见你了，问你是不是一直都在外地。她还提到，你小时候每次放假都拉着他们家孩子去院子里玩游戏，喊得整个院子都是笑声。现在想想真是挺热闹的。回来的时候我买了一些桃子，味道挺甜的，你爸尝了一口，说比以前集市上的还好。吃的时候我突然就想，要是你也在家就好了，一家人一起围着吃，边聊边笑。现在就剩我和你爸两个人，家里安安静静的，有时候还挺空落落的。,今天我去楼下超市买菜，顺便遇见了你小学的老同学的妈妈。她说很久没见你了，问你是不是一直都在外地。她还提到，你小时候每次放假都拉着他们家孩子去院子里玩游戏，喊得整个院子都是笑声。现在想想真是挺热闹的。回来的时候我买了一些桃子，味道挺甜的，你爸尝了一口，说比以前集市上的还好。吃的时候我突然就想，要是你也在家就好了，一家人一起围着吃，边聊边笑。现在就剩我和你爸两个人，家里安安静静的，有时候还挺空落落的。,,[],
37,notice,中性,学院刚刚下发通知，本周五上午九点整将在二号楼大报告厅举行一场专题讲座，主题是“人工智能在设计与艺术领域的最新探索”。主讲人是来自北京的一位行业专家，现场会提供印刷版讲义资料。会议预计持续到十一点半，中途不设休息，请同学们合理安排时间。讲座将全程录音，后续会上传到学习平台，供缺席的同学查阅。,学院刚刚下发通知，本周五上午九点整将在二号楼大报告厅举行一场专题讲座，主题是“人工智能在设计与艺术领域的最新探索”。主讲人是来自北京的一位行业专家，现场会提供印刷版讲义资料。会议预计持续到十一点半，中途不设休息，请同学们合理安排时间。讲座将全程录音，后续会上传到学习平台，供缺席的同学查阅。,,[],
38,notice,中性,公司办公室发出通知，下周一上午十点将在总部大楼三层多功能会议室召开季度总结大会。会议将由总经理主持，市场、研发、人事三个部门的主要负责人将依次汇报本季度工作进展情况，同时还会公布下季度的重点战略方向和人员调配方案。大会预计持续一个半小时，结束后会安排茶歇和集体合影。请大家合理规划时间，避免迟到或早退。,公司办公室发出通知，下周一上午十点将在总部大楼三层多功能会议室召开季度总结大会。会议将由总经理主持，市场、研发、人事三个部门的主要负责人将依次汇报本季度工作进展情况，同时还会公布下季度的重点战略方向和人员调配方案。大会预计持续一个半小时，结束后会安排茶歇和集体合影。请大家合理规划时间，避免迟到或早退。,,[],
39,notice,中性,下周二上午九点到十二点将对所有楼栋进行停水检修。检修的主要内容是对二次供水管道进行更换与测试，部分楼层可能会出现暂时断水的情况。预计中午十二点前恢复供水，如遇特殊情况将顺延一小时。请提前储备生活用水。检修结束后，供水可能会出现短时间混浊，请排放干净后用水。,下周二上午九点到十二点将对所有楼栋进行停水检修。检修的主要内容是对二次供水管道进行更换与测试，部分楼层可能会出现暂时断水的情况。预计中午十二点前恢复供水，如遇特殊情况将顺延一小时。请提前储备生活用水。检修结束后，供水可能会出现短时间混浊，请排放干净后用水。,,[],
40,notice,中性,课程组通知，原定于下周一下午三点的《交互设计方法论》课程因任课教师临时出差，将顺延至周三下午同一时间段进行。上课地点不变，仍在南校区A栋五楼的大教室。课程大纲和课件保持不变，考勤照常进行。通知里特别说明，本次调整属于一次性变动，之后课程安排不会再做修改。请大家注意及时调整学习计划，避免混淆。,课程组通知，原定于下周一下午三点的《交互设计方法论》课程因任课教师临时出差，将顺延至周三下午同一时间段进行。上课地点不变，仍在南校区A栋五楼的大教室。课程大纲和课件保持不变，考勤照常进行。通知里特别说明，本次调整属于一次性变动，之后课程安排不会再做修改。请大家注意及时调整学习计划，避免混淆。,,[],
41,notice,中性,人力资源部通知，本月二十八日下午三点将在总部培训室举办新一轮企业合规与职业道德培训，参会人员为入职未满两年的全体员工。培训由合规部负责人主讲，内容包括常见风险案例分析与公司内部规定解读。培训预计持续两个小时，结束后会进行现场问答。通知说明，培训将统一签到，考勤结果计入个人档案，缺席员工需在下周补训。,人力资源部通知，本月二十八日下午三点将在总部培训室举办新一轮企业合规与职业道德培训，参会人员为入职未满两年的全体员工。培训由合规部负责人主讲，内容包括常见风险案例分析与公司内部规定解读。培训预计持续两个小时，结束后会进行现场问答。通知说明，培训将统一签到，考勤结果计入个人档案，缺席员工需在下周补训。,,[],
42,notice,中性,本学期《用户体验研究》课程期末考试时间已确定。考试日期为下个月十七日上午九点至十一点半，地点在东校区综合楼二层大教室。考试方式为闭卷笔试，主要覆盖前十周课程内容。监考老师为王老师及其助教。教务处提醒，本次考试结束后将直接进行成绩录入，缺考同学需在两周内提出补考申请。请大家合理安排时间，避免与其他课程冲突。,本学期《用户体验研究》课程期末考试时间已确定。考试日期为下个月十七日上午九点至十一点半，地点在东校区综合楼二层大教室。考试方式为闭卷笔试，主要覆盖前十周课程内容。监考老师为王老师及其助教。教务处提醒，本次考试结束后将直接进行成绩录入，缺考同学需在两周内提出补考申请。请大家合理安排时间，避免与其他课程冲突。,,[],
43,notice,中性,安全生产部通知，下周三下午两点三十分将在总部大楼进行年度消防演练。演练内容包括火警报警流程、紧急疏散演习和灭火器实操，预计持续一个小时。演练过程中警报会短时拉响，请大家不要惊慌。大楼部分通道将临时关闭，电梯也会暂停运行。演练结束后，安全部将组织简短总结，并发放演练手册。通知说明，本次演练仅为模拟，不影响正常办公秩序。,安全生产部通知，下周三下午两点三十分将在总部大楼进行年度消防演练。演练内容包括火警报警流程、紧急疏散演习和灭火器实操，预计持续一个小时。演练过程中警报会短时拉响，请大家不要惊慌。大楼部分通道将临时关闭，电梯也会暂停运行。演练结束后，安全部将组织简短总结，并发放演练手册。通知说明，本次演练仅为模拟，不影响正常办公秩序。,,[],
44,notice,中性,你外公的八十大寿时间已经定下来了，就在下个月二十号，地点还是老家镇上的那家酒楼二楼大厅。寿宴从中午十一点半开始，家里人和一些亲戚朋友都会到，大概二十多桌，场面应该挺热闹的。你舅舅说还会请一个小乐队现场伴奏，营造喜庆气氛。这次家族聚会算是好几年里最大的一次了，很多远房亲戚也会来，你可要早点回来啊。,你外公的八十大寿时间已经定下来了，就在下个月二十号，地点还是老家镇上的那家酒楼二楼大厅。寿宴从中午十一点半开始，家里人和一些亲戚朋友都会到，大概二十多桌，场面应该挺热闹的。你舅舅说还会请一个小乐队现场伴奏，营造喜庆气氛。这次家族聚会算是好几年里最大的一次了，很多远房亲戚也会来，你可要早点回来啊。,,[],
45,notice,中性,社区居委会通知，本周五上午九点至十二点，区卫生部门将派工作人员到小区开展公共区域的例行卫生检查。检查范围包括各楼栋楼道、垃圾分类投放点、绿化带和地下车库等公共区域。检查期间，工作人员会统一佩戴工作证件，并可能对发现的问题现场拍照取证。整个检查预计持续三个小时，不会影响居民正常出行或日常生活。,社区居委会通知，本周五上午九点至十二点，区卫生部门将派工作人员到小区开展公共区域的例行卫生检查。检查范围包括各楼栋楼道、垃圾分类投放点、绿化带和地下车库等公共区域。检查期间，工作人员会统一佩戴工作证件，并可能对发现的问题现场拍照取证。整个检查预计持续三个小时，不会影响居民正常出行或日常生活。,,[],
46,notice,中性,研究生院刚刚发出通知，下周二上午九点整将在东校区国际学术交流中心举办一次“跨学科创新研究研讨会”。研讨会将邀请多位国内外专家学者进行主题发言，内容涉及人工智能、交互设计、社会科学等多个方向，重点讨论跨学科合作的最新趋势与实践案例。会议预计持续三个半小时，中间安排一次茶歇，地点设在一层休息区。研讨会结束后，会场还将进行合影留念。研究生院说明，本次研讨会将同步进行线上直播，并提供会议录播文件，后续上传至学院官网供查阅。,研究生院刚刚发出通知，下周二上午九点整将在东校区国际学术交流中心举办一次“跨学科创新研究研讨会”。研讨会将邀请多位国内外专家学者进行主题发言，内容涉及人工智能、交互设计、社会科学等多个方向，重点讨论跨学科合作的最新趋势与实践案例。会议预计持续三个半小时，中间安排一次茶歇，地点设在一层休息区。研讨会结束后，会场还将进行合影留念。研究生院说明，本次研讨会将同步进行线上直播，并提供会议录播文件，后续上传至学院官网供查阅。,,[],
47,notice,中性,集团办公室通知，总公司年度战略发布会将于下月十五日上午九点在市中心国际会议中心一号大厅举行。发布会由董事长主持，集团高层管理人员将依次介绍来年的战略方向，包括技术研发投入、海外市场拓展以及人力资源结构优化。现场还将公布最新的企业愿景宣传片。发布会预计持续两个小时，结束后将举行媒体采访环节，相关报道将在次日刊登于主要财经媒体。公司特别说明，本次大会将全程录像，稍后会上传至企业内网，供未能到场人员观看。,集团办公室通知，总公司年度战略发布会将于下月十五日上午九点在市中心国际会议中心一号大厅举行。发布会由董事长主持，集团高层管理人员将依次介绍来年的战略方向，包括技术研发投入、海外市场拓展以及人力资源结构优化。现场还将公布最新的企业愿景宣传片。发布会预计持续两个小时，结束后将举行媒体采访环节，相关报道将在次日刊登于主要财经媒体。公司特别说明，本次大会将全程录像，稍后会上传至企业内网，供未能到场人员观看。,,[],
48,notice,中性,社区物业服务中心通知，本小区将于下周一上午八点至下午六点，对地下车库及地面停车场进行全面清理和重新划线。施工期间，车库入口将实行临时交通管制，车辆只能从南门通行。划线工作预计持续一天，结束后所有停车位将重新编号，并在业主群公示位置图。物业提醒，届时可能会有施工噪音，请居民谅解。清理完成后，小区将正式启用新的停车管理系统，届时车牌识别设备也将同步上线。相关信息将张贴在公告栏，并在物业公众号推送。,社区物业服务中心通知，本小区将于下周一上午八点至下午六点，对地下车库及地面停车场进行全面清理和重新划线。施工期间，车库入口将实行临时交通管制，车辆只能从南门通行。划线工作预计持续一天，结束后所有停车位将重新编号，并在业主群公示位置图。物业提醒，届时可能会有施工噪音，请居民谅解。清理完成后，小区将正式启用新的停车管理系统，届时车牌识别设备也将同步上线。相关信息将张贴在公告栏，并在物业公众号推送。,,[],
49,notice,中性,学院教务办发布通知，本届硕士研究生毕业答辩将于下月二十二日上午八点半在南校区综合楼五层举行。届时各学科将分组答辩，每组安排五位评审专家。答辩顺序和时间表将在下周统一公布，并张贴在学院公告栏。会议预计持续一整天，中午会提供简餐。学院说明，本次答辩全程将进行录音录像，作为存档资料。答辩当天不对外开放，非答辩人员不得入场。最终结果将在一周后公布，并于教务系统录入成绩。,学院教务办发布通知，本届硕士研究生毕业答辩将于下月二十二日上午八点半在南校区综合楼五层举行。届时各学科将分组答辩，每组安排五位评审专家。答辩顺序和时间表将在下周统一公布，并张贴在学院公告栏。会议预计持续一整天，中午会提供简餐。学院说明，本次答辩全程将进行录音录像，作为存档资料。答辩当天不对外开放，非答辩人员不得入场。最终结果将在一周后公布，并于教务系统录入成绩。,,[],
50,notice,中性,供电公司与小区物业联合通知，下周三上午八点至下午五点，小区将进行电力设备例行检修，涉及一号至五号楼以及地下车库区域。检修期间，电梯将暂停运行，部分楼栋公共照明也会临时关闭。物业提醒，停电时间较长，请居民提前做好安排。预计下午五点恢复供电，如遇特殊情况将延期一小时。检修完成后，电压可能出现短时间波动，请谨慎使用电器。通知说明，本次检修属于年度例行维护，具体情况将在公告栏和业主群实时更新。,供电公司与小区物业联合通知，下周三上午八点至下午五点，小区将进行电力设备例行检修，涉及一号至五号楼以及地下车库区域。检修期间，电梯将暂停运行，部分楼栋公共照明也会临时关闭。物业提醒，停电时间较长，请居民提前做好安排。预计下午五点恢复供电，如遇特殊情况将延期一小时。检修完成后，电压可能出现短时间波动，请谨慎使用电器。通知说明，本次检修属于年度例行维护，具体情况将在公告栏和业主群实时更新。,,[],
51,notice,中性,安全生产部通知，公司年度消防演练定于下周四下午两点三十分在总部大楼举行。演练流程包括火警报警、人员疏散、应急集合和灭火器操作演示，预计持续一个小时。演练期间警报将短时拉响，大楼部分通道将临时关闭。安全部提醒，演练结束后会组织简短总结，并发放演练手册。本次演练全程录像，作为年度安全资料存档。通知说明，演练属于例行环节，请大家知悉，不会影响正常工作秩序。,安全生产部通知，公司年度消防演练定于下周四下午两点三十分在总部大楼举行。演练流程包括火警报警、人员疏散、应急集合和灭火器操作演示，预计持续一个小时。演练期间警报将短时拉响，大楼部分通道将临时关闭。安全部提醒，演练结束后会组织简短总结，并发放演练手册。本次演练全程录像，作为年度安全资料存档。通知说明，演练属于例行环节，请大家知悉，不会影响正常工作秩序。,,[],
52,notice,中性,就业指导中心通知，下月三日下午两点将在北校区大礼堂举办一场大型招聘宣讲会。本次宣讲会邀请了十余家知名企业到场，包括互联网、金融、设计等多个行业。现场安排有企业宣讲、互动问答和简历投递环节。活动预计持续至下午五点，期间会开放两个分会场，方便同学们与企业代表进行面对面交流。就业中心说明，本次宣讲会将同步开设线上直播，方便无法到场的同学参与。活动相关信息和企业岗位需求已发布在校园网的就业专栏。,就业指导中心通知，下月三日下午两点将在北校区大礼堂举办一场大型招聘宣讲会。本次宣讲会邀请了十余家知名企业到场，包括互联网、金融、设计等多个行业。现场安排有企业宣讲、互动问答和简历投递环节。活动预计持续至下午五点，期间会开放两个分会场，方便同学们与企业代表进行面对面交流。就业中心说明，本次宣讲会将同步开设线上直播，方便无法到场的同学参与。活动相关信息和企业岗位需求已发布在校园网的就业专栏。,,[],
53,notice,中性,下周五下午两点，南校区设计楼三层研讨室有个研究生学术答疑会。主要针对正在撰写论文或准备开题的同学，有老师集中回答在研究方法、实验设计、文献综述和数据处理等方面的常见问题。我觉得这个会比较适合你，你可以去一下，填下面我转发给你的链接报名。大概两个半小时，中间会安排二十分钟的自由提问环节，你有问题就把遇到的困惑写在纸条上，交给工作人员整理，说不定老师会回答。,下周五下午两点，南校区设计楼三层研讨室有个研究生学术答疑会。主要针对正在撰写论文或准备开题的同学，有老师集中回答在研究方法、实验设计、文献综述和数据处理等方面的常见问题。我觉得这个会比较适合你，你可以去一下，填下面我转发给你的链接报名。大概两个半小时，中间会安排二十分钟的自由提问环节，你有问题就把遇到的困惑写在纸条上，交给工作人员整理，说不定老师会回答。,,[],
54,notice,中性,幺儿，今年过年的团圆饭我们已经商量好了，还是像往年一样在家里吃，不去饭店凑那个热闹。时间就定在除夕晚上六点，大家都早点来，别拖到太晚，散伙回家也不方便。大姨和小姨一家都会过来，加起来差不多二十口人。你爸已经提前订好了一只大公鸡和两条鱼，你奶奶都准备出手，要做一桌“年年有余”。你也早点回来，咱们一起包个饺子，素馅和肉馅我都买好了。反正一家人都在一起，说说笑笑，比去饭店舒服得多。,幺儿，今年过年的团圆饭我们已经商量好了，还是像往年一样在家里吃，不去饭店凑那个热闹。时间就定在除夕晚上六点，大家都早点来，别拖到太晚，散伙回家也不方便。大姨和小姨一家都会过来，加起来差不多二十口人。你爸已经提前订好了一只大公鸡和两条鱼，你奶奶都准备出手，要做一桌“年年有余”。你也早点回来，咱们一起包个饺子，素馅和肉馅我都买好了。反正一家人都在一起，说说笑笑，比去饭店舒服得多。,,[],
